,precision,recall,f1-score,support
COVID,0.0,0.0,0.0,4.0
Normal,0.5714285714285714,1.0,0.7272727272727273,4.0
Viral Pneumonia,0.8,1.0,0.8888888888888888,4.0
accuracy,0.6666666666666666,0.6666666666666666,0.6666666666666666,0.6666666666666666
macro avg,0.45714285714285713,0.6666666666666666,0.5387205387205387,12.0
weighted avg,0.45714285714285713,0.6666666666666666,0.5387205387205387,12.0
